장소,별점,주소,수정된 주소,위도,경도
올바릇 나사리식당,,대구 동구 팔공산로 1179 1층~3층,대구 동구 팔공산로 1179,35.9671985,128.6988235
산채식당,4.38,대구 동구 팔공산로185길 72,대구 동구 팔공산로185길 72,35.9903119,128.6944005
산중식당 팔공산본점,4.33,대구 동구 팔공산로185길 55 1층,대구 동구 팔공산로185길 55,35.9903119,128.6944005
올바릇 나사리식당,,대구 동구 팔공산로 1179 1층~3층,대구 동구 팔공산로 1179,35.9671985,128.6988235
산채식당,4.38,대구 동구 팔공산로185길 72,대구 동구 팔공산로185길 72,35.9903119,128.6944005
탑골식당,4.49,대구 동구 동화사2길 21-7 1층,대구 동구 동화사2길 21-7,35.9906542,128.6987601
째미핑거,4.59,대구 동구 팔공산로 1165-7,대구 동구 팔공산로 1165-7,35.9671985,128.6988235
티아이티에프,,대구 동구 팔공산로 1169,대구 동구 팔공산로 1169,35.9671985,128.6988235
수다레스토랑,4.59,대구 동구 동화사2길 21-10,대구 동구 동화사2길 21-10,35.9906542,128.6987601
가원식당,4.84,대구 동구 팔공산로199길 6-3 가원식당,대구 동구 팔공산로199길 6-3,35.9888968,128.6955486
동백 팔공산화본역점,4.8,대구 군위군 산성면 산성가음로 711-6,대구 군위군 산성면 산성가음로,36.1053877,128.7089894
효령매운탕,4.54,대구 군위군 효령면 치산효령로 2267-8,대구 군위군 효령면 치산효령로,36.12484,128.62019
Camellia,,대구 군위군 산성면 산성가음로 711,대구 군위군 산성면 산성가음로,36.1053877,128.7089894
추추,,경북 의성군 금성면 탑리5길 34,경북 의성군 금성면 탑리5길,36.2594822,128.6817774
올더플레이트 동성로점,4.76,대구 중구 동성로3길 77 2층,대구 중구 동성로3길 77,35.8688714,128.59806275948276
하이타이,,대구 중구 공평로 53 1층 하이타이,대구 중구 공평로 53,35.86883735,128.59975885
참숯삼인조 종로직영점,,대구 중구 중앙대로81길 53 1층,대구 중구 중앙대로81길 53,35.869509,128.5894659
배배꼬 동성로점,,대구 중구 동성로6길 76 1층,대구 중구 동성로6길 76,35.8691016,128.5952997
사파키친,4.59,대구 동구 동부로34길 10 사파키친,대구 동구 동부로34길 10,35.873131,128.6334272
모닥 동대구점,4.82,대구 동구 동부로34길 6 모닥 1층,대구 동구 동부로34길 6,35.873131,128.6334272
심지,,대구 동구 동부로32길 14,대구 동구 동부로32길 14,35.8723995,128.6297391
딤딤섬 신세계백화점대구점,4.48,대구 동구 동부로 149 대구신세계백화점 9층,대구 동구 동부로 149,35.8765658,128.6262441
라일락식탁,,대구 동구 동부로32길 1 2층,대구 동구 동부로32길 1,35.8723995,128.6297391
연화,4.65,대구 동구 동부로34길 3 연화,대구 동구 동부로34길 3,35.873131,128.6334272
인문공학,4.45,대구 동구 동부로 156 인문공학 동대구,대구 동구 동부로 156,35.877103700000006,128.62941406338211
바비레드 신세계백화점 대구점,4.43,대구 동구 동부로 149 신세계백화점 대구점 지하 1층,대구 동구 동부로 149,35.8765658,128.6262441
피에프창 신세계백화점동대구점,4.65,대구 동구 동부로 149 신세계 백화점 8층,대구 동구 동부로 149,35.8765658,128.6262441
프랭크프랭크,4.54,대구 동구 동부로32길 20-1,대구 동구 동부로32길 20-1,35.8723995,128.6297391
도리신닭도리탕 대명점,,대구 남구 중앙대로31길 161 도리신 닭도리탕,대구 남구 중앙대로31길 161,35.8512541,128.5861679
기장아나고,4.45,대구 남구 두류공원로 108-4,대구 남구 두류공원로 108-4,35.8393762,128.5762463
뉴욕뉴욕 바이 켄싱턴,,대구 달서구 두류공원로 200 이월드 83타워 78층,대구 달서구 두류공원로 200,35.8522393,128.5623122
애슐리퀸즈 대구이월드점,,대구 달서구 두류공원로 200 83타워 1층 애슐리퀸즈,대구 달서구 두류공원로 200,35.8522393,128.5623122
오얏,4.71,대구 달서구 야외음악당로 287-1,대구 달서구 야외음악당로 287-1,35.852886,128.5563537
석뚜껑 삼겹살 두류점,4.51,대구 달서구 파도고개로 202 1층,대구 달서구 파도고개로 202,35.8543331,128.5702587
피자몰 대구이월드점,4.43,대구 달서구 두류공원로 200 스타벅스 옆,대구 달서구 두류공원로 200,35.8522393,128.5623122
윤포차,4.38,대구 달서구 파도고개로 190 1층 윤포차,대구 달서구 파도고개로 190,35.8543331,128.5702587
웨이브콜,,대구 달서구 파도고개로 115 1층,대구 달서구 파도고개로 115,35.8543331,128.5702587
몽짬뽕 달서구직영점,4.35,대구 달서구 야외음악당로 277 1층,대구 달서구 야외음악당로 277,35.8559894,128.5629602
봉수낙지,4.5,대구 남구 대명로14길 112,대구 남구 대명로14길 112,35.8360299,128.5647884
사조회참치,,대구 서구 달서천로57길 37 1층 사조회참치,대구 서구 달서천로57길 37,35.887716,128.5644308
백색라이브,,대구 서구 국채보상로 238 지하 백색7080라이브,대구 서구 국채보상로 238,35.8721556,128.5684852
사석,,대구 중구 중앙대로 375 YMCA 건물 1층 사석,대구 중구 중앙대로 375,35.8579739,128.5922977
수주식당,4.51,대구 중구 중앙대로81길 58 1층 수주식당,대구 중구 중앙대로81길 58,35.869509,128.5894659
경희식당,4.34,대구 중구 큰장로28길 25,대구 중구 큰장로28길 25,35.8698024,128.5811669
몽블랑드파리,,대구 중구 동성로6길 21,대구 중구 동성로6길 21,35.8691016,128.5952997
구공탄막창,,대구 서구 국채보상로 308 1층,대구 서구 국채보상로 308,35.8721556,128.5684852
빠레뜨한남 대구 동성로점,,대구 중구 동성로2길 58 2층 빠레뜨한남,대구 중구 동성로2길 58,35.8667277,128.5963147
유창반점,,대구 중구 명륜로 20 1층,대구 중구 명륜로 20,35.8616487,128.5915426
신라식당,4.39,대구 중구 중앙대로 406-8,대구 중구 중앙대로 406-8,35.8579739,128.5922977
핑크라이언,4.68,대구 달서구 한실로6길 158-3 핑크라이언,대구 달서구 한실로6길 158-3,35.7971293,128.5289789
롤링핀 대구수목원점,,대구 달서구 한실로6길 158,대구 달서구 한실로6길 158,35.7971293,128.5289789
뜨돈 진천본점,4.49,대구 달서구 진천로9길 30,대구 달서구 진천로9길 30,35.8121887,128.5216797
킹콩 G.C점,,대구 달서구 화암로 322 1~2층,대구 달서구 화암로 322,35.803604,128.5132476
동이식당,4.4,대구 달서구 한실로6길 165-7,대구 달서구 한실로6길 165-7,35.79326,128.5299817
계령식당,4.36,대구 달서구 한실로6길 155-15 1층,대구 달서구 한실로6길 155-15,35.7971293,128.5289789
WANN,4.32,대구 달서구 한실로6길 161,대구 달서구 한실로6길 161,35.7971293,128.5289789
하루부엌,4.57,대구 달서구 화암로71길 19 하루부엌,대구 달서구 화암로71길 19,35.8047862,128.5182406
서남왕족발,4.33,대구 달서구 명천로 14,대구 달서구 명천로 14,35.8081882,128.5128354
일공공샤브 대구수목원점,4.38,대구 달서구 화암로 331,대구 달서구 화암로 331,35.803604,128.5132476
디어원케이크,,대구 수성구 교학로4길 10,대구 수성구 교학로4길 10,35.8551174,128.6504229
울진대게 본점,4.45,대구 수성구 명덕로 450-1 울진대게,대구 수성구 명덕로 450-1,35.8542158,128.6171196
류센소 범어점,,대구 수성구 달구벌대로496길 5 1층 류센소 범어점,대구 수성구 달구벌대로496길 5,35.8566047,128.63287057333307
리안,4.48,대구 수성구 교학로4길 48,대구 수성구 교학로4길 48,35.8552695,128.6503641
후꾸스시,4.55,대구 수성구 동대구로20길 66 후꾸,대구 수성구 동대구로20길 66,35.8382449,128.6271424
에폰베이크샵,,대구 수성구 범어로24길 14 1층,대구 수성구 범어로24길 14,35.8602161,128.6365226
공주얼큰이칼국수,,대구 수성구 범어천로 49 공주얼큰이칼국수,대구 수성구 범어천로 49,35.8639354,128.6187968
황금돗소리,,대구 수성구 범어천로 22 . 1층(황금동) 황금돗소리,대구 수성구 범어천로 22,35.8639354,128.6187968
오스테리아밀즈,4.55,대구 수성구 동원로1길 26 1층,대구 수성구 동원로1길 26,35.8597497,128.6391095
고미텐,4.63,대구 수성구 동원로 6 1층,대구 수성구 동원로 6,35.862711,128.6396811
광장코아 물음표 soju & beer 본점,,대구 달서구 달구벌대로344길 46,대구 달서구 달구벌대로344길 46,35.8555764,128.5532568
bistro053,,대구 달서구 당산로38길 13 1층,대구 달서구 당산로38길 13,35.8535733,128.5498885
현짬뽕,4.55,대구 남구 대봉로 89,대구 남구 대봉로 89,35.8532211,128.6029356
조조칼국수 죽전직영점,4.52,대구 달서구 와룡로 169,대구 달서구 와룡로 169,35.8435651,128.5370638
상무초밥 죽전점,,"대구 달서구 와룡로 169 상가 103동 109, 110호",대구 달서구 와룡로 169,35.8435651,128.5370638
해풍해물칼국수 대구본점,4.57,대구 달서구 야외음악당로39안길 8,대구 달서구 야외음악당로39안길 8,35.8528215,128.5525394
달고떡볶이,4.45,대구 달서구 야외음악당로39길 54 삼정그린빌상가 113동 107호,대구 달서구 야외음악당로39길 54,35.8538031,128.5548342
제주곤이칼국수 대구죽전점,,대구 달서구 달구벌대로 1546 1층,대구 달서구 달구벌대로 1546,35.8514798,128.5410689
푸른회식당,4.46,대구 서구 달구벌대로375길 14-1,대구 서구 달구벌대로375길 14-1,35.8630316,128.5702204
정성순대 대구죽전점,,"대구 달서구 와룡로 169 상가 107동 106, 107호",대구 달서구 와룡로 169,35.8435651,128.5370638
몽돌매운간장닭발&치킨,,대구 동구 효동로6길 30 2층(효목동),대구 동구 효동로6길 30,35.8793815,128.6546749
블루샥 대구 효목점,4.52,대구 동구 효목로 20-1 1층 블루샥 효목점,대구 동구 효목로 20-1,35.8770827,128.6397481
청담한쭈꾸미,,대구 동구 효동로2길 47-7,대구 동구 효동로2길 47-7,35.8805196,128.6528605
로렐트리 동촌유원지 본점,4.71,대구 동구 효동로6길 122 로렐트리,대구 동구 효동로6길 122,35.8793815,128.6546749
마루막창 대구동촌유원지점,4.4,대구 동구 효동로2길 33-7 1층 마루막창 동촌점,대구 동구 효동로2길 33-7,35.8805196,128.6528605
인스퍼레이션디동촌유원지,4.41,대구 동구 효동로6길 57 인스퍼레이션디 동촌유원지,대구 동구 효동로6길 57,35.8793815,128.6546749
민물장어 직판장 풍천관 동촌유원지점,,대구 동구 효동로2길 47-7 2층 풍천관 동촌유원지점,대구 동구 효동로2길 47-7,35.8805196,128.6528605
아양짚 동촌유원지점,,대구 동구 효동로2길 29 1층 아양짚,대구 동구 효동로2길 29,35.8805196,128.6528605
원조돼지갈비찜,4.38,대구 동구 해동로 186 원조 돼지 갈비찜,대구 동구 해동로 186,35.8964546,128.6389103
더뷔페 앳 인터불고,4.54,대구 수성구 팔현길 212 호텔인터불고,대구 수성구 팔현길 212,35.8634775,128.6724827
내안에,4.29,대구 수성구 무학로 85 내안에,대구 수성구 무학로 85,35.8296845,128.6168175
패대기 들안길점,4.85,대구 수성구 들안로 51-1 1층,대구 수성구 들안로 51-1,35.8411811,128.6173904
카이젠,,대구 수성구 수성못2길 39 1층,대구 수성구 수성못2길 39,35.8268423,128.6233599
아티코,4.9,대구 수성구 지범로 43-12,대구 수성구 지범로 43-12,35.82702,128.62757
화로38 수성못점,,대구 수성구 수성못2길 55-1 4층,대구 수성구 수성못2길 55-1,35.8268423,128.6233599
마담에뽀끄 대구수성못점,,대구 수성구 수성못2길 21 2층 MADAM EPOQUE,대구 수성구 수성못2길 21,35.8268423,128.6233599
먼데이오프플리즈 대구,,"대구 수성구 수성못2길 27-5 1층, 2층",대구 수성구 수성못2길 27-5,35.8268423,128.6233599
꽃피는화덕피자D485 대구수성못점,4.55,대구 수성구 용학로 111,대구 수성구 용학로 111,35.822718,128.6393846
용지봉,4.34,대구 수성구 들안로 9,대구 수성구 들안로 9,35.8411811,128.6173904
소수미반상,4.46,대구 수성구 수성못2길 55 2층 소수미반상,대구 수성구 수성못2길 55,35.8268423,128.6233599
블랙타코앤그릴,4.53,대구 중구 공평로 31 건물 2층,대구 중구 공평로 31,35.8739593,128.6014294
빠레뜨한남 대구 동성로점,,대구 중구 동성로2길 58 2층 빠레뜨한남,대구 중구 동성로2길 58,35.8667277,128.5963147
머꼬삼겹살,4.78,대구 중구 동성로3길 32-43 1층,대구 중구 동성로3길 32-43,35.8664398,128.5983398
몽블랑드파리,,대구 중구 동성로6길 21,대구 중구 동성로6길 21,35.8691016,128.5952997
얼디,4.69,대구 중구 달구벌대로445길 26-5 1층,대구 중구 달구벌대로445길 26-5,35.8643327,128.6078914
노팅힐커피하우스,,대구 중구 명륜로23길 56 1층,대구 중구 명륜로23길 56,35.861698,128.5960448
사석,,대구 중구 중앙대로 375 YMCA 건물 1층 사석,대구 중구 중앙대로 375,35.8579739,128.5922977
오무하무 동성로점,,대구 중구 동성로3길 5 2층,대구 중구 동성로3길 5,35.8678877,128.597894
보난자카츠,,대구 중구 달구벌대로446길 28 1층,대구 중구 달구벌대로446길 28,35.8617093,128.6058585
왕거미식당,4.42,대구 중구 국채보상로 696-8,대구 중구 국채보상로 696-8,35.8694898,128.609113
카이젠,,대구 수성구 수성못2길 39 1층,대구 수성구 수성못2길 39,35.8268423,128.6233599
아티코,4.9,대구 수성구 지범로 43-12,대구 수성구 지범로 43-12,35.82702,128.62757
화로38 수성못점,,대구 수성구 수성못2길 55-1 4층,대구 수성구 수성못2길 55-1,35.8268423,128.6233599
마담에뽀끄 대구수성못점,,대구 수성구 수성못2길 21 2층 MADAM EPOQUE,대구 수성구 수성못2길 21,35.8268423,128.6233599
용지봉,4.34,대구 수성구 들안로 9,대구 수성구 들안로 9,35.8411811,128.6173904
먼데이오프플리즈 대구,,"대구 수성구 수성못2길 27-5 1층, 2층",대구 수성구 수성못2길 27-5,35.8268423,128.6233599
꽃피는화덕피자D485 대구수성못점,4.55,대구 수성구 용학로 111,대구 수성구 용학로 111,35.822718,128.6393846
수성못 스펠바운드 레스토랑,4.34,대구 수성구 용학로 106-5 2층,대구 수성구 용학로 106-5,35.822718,128.6393846
소수미반상,4.46,대구 수성구 수성못2길 55 2층 소수미반상,대구 수성구 수성못2길 55,35.8268423,128.6233599
푸나왈라,4.63,대구 수성구 수성못2길 3 3층,대구 수성구 수성못2길 3,35.8268423,128.6233599
사석,,대구 중구 중앙대로 375 YMCA 건물 1층 사석,대구 중구 중앙대로 375,35.8579739,128.5922977
경희식당,4.34,대구 중구 큰장로28길 25,대구 중구 큰장로28길 25,35.8698024,128.5811669
수주식당,4.51,대구 중구 중앙대로81길 58 1층 수주식당,대구 중구 중앙대로81길 58,35.869509,128.5894659
몽블랑드파리,,대구 중구 동성로6길 21,대구 중구 동성로6길 21,35.8691016,128.5952997
구공탄막창,,대구 서구 국채보상로 308 1층,대구 서구 국채보상로 308,35.8721556,128.5684852
유창반점,,대구 중구 명륜로 20 1층,대구 중구 명륜로 20,35.8616487,128.5915426
빠레뜨한남 대구 동성로점,,대구 중구 동성로2길 58 2층 빠레뜨한남,대구 중구 동성로2길 58,35.8667277,128.5963147
신라식당,4.39,대구 중구 중앙대로 406-8,대구 중구 중앙대로 406-8,35.8579739,128.5922977
삼미찜갈비 서문시장점,4.2,대구 중구 큰장로28길 25,대구 중구 큰장로28길 25,35.8698024,128.5811669
태능집,4.44,대구 중구 달성로22길 86,대구 중구 달성로22길 86,35.8744734,128.5877628
봉수낙지,4.5,대구 남구 대명로14길 112,대구 남구 대명로14길 112,35.8360299,128.5647884
이디야커피 대구어린이세상점,,대구 수성구 동대구로 176 지하1층,대구 수성구 동대구로 176,35.84766765,128.62803623953005
라헬의부엌 분당점,,"경기 성남시 분당구 수내로 39 1층 120-2, 121호",경기 성남시 분당구 수내로,37.3710376,127.1266176
Sov 무국적술집,,"경기 성남시 분당구 황새울로360번길 24 203~4호(서현동, 대명코 아)",경기 성남시 분당구 황새울로360번길,37.3863737,127.1254126
스타벅스 대구228중앙공원점,4.61,대구 중구 동성로2길 95,대구 중구 동성로2길 95,35.87015465,128.59686578563526
양춘회,,대구 중구 경상감영1길 13 1층,대구 중구 경상감영1길 13,35.8717842,128.5930285
밤새먹소 걸포중앙공원점,4.48,경기 김포시 걸포로 94 1층밤새먹소,경기 김포시 걸포로 94,37.6355792,126.7049095
카페 태평살롱,,대구 중구 서성로14길 84 1층,대구 중구 서성로14길 84,35.8729487,128.588674
꽃피는닭갈비 권선중앙공원,,경기 수원시 권선구 권중로56번길 2 1층,경기 수원시 권선구 권중로56번길,37.2528896,127.0289081
스타벅스 간석중앙공원DT점,4.45,인천 남동구 경인로 563,인천 남동구 경인로 563,37.4730831,126.7090983
BHC치킨 산본중앙공원점,4.43,경기 군포시 산본로386번길 5-7,경기 군포시 산본로386번길 5-7,37.3678103,126.9333141
커피빈 화정중앙공원점,4.45,경기 고양시 덕양구 화신로260번길 26 동민프라자빌딩,경기 고양시 덕양구 화신로260번길,37.6325472,126.8328767
뜨돈 테크노점,4.5,대구 달성군 유가읍 테크노상업로 98 비슬타워 201호,대구 달성군 유가읍 테크노상업로,35.6935504,128.4585142
슬로우스톤,4.64,대구 달성군 유가읍 휴양림길 109 슬로우스톤,대구 달성군 유가읍 휴양림길,35.7004546,128.4874565
국밥슐랭,4.59,대구 달성군 유가읍 테크노순환로12길 4 1층,대구 달성군 유가읍 테크노순환로12길,35.7017595,128.4936581
오르망,4.45,대구 달성군 유가읍 휴양림길 215 오르망 카페,대구 달성군 유가읍 휴양림길,35.7004546,128.4874565
유가네닭갈비 대구현풍점,4.53,대구 달성군 유가읍 테크노상업로4길 8-7 유가네닭갈비 대구현풍점,대구 달성군 유가읍 테크노상업로4길,35.6929458,128.4594384
어물전 현풍점,,대구 달성군 유가읍 테크노순환로12길 33 1층 103~106호,대구 달성군 유가읍 테크노순환로12길,35.7017595,128.4936581
갈비만 현풍테크노폴리스 직영점,4.61,대구 달성군 유가읍 테크노상업로 110 2층,대구 달성군 유가읍 테크노상업로,35.6935504,128.4585142
오봉집 현풍점,,"대구 달성군 유가읍 테크노상업로4길 17-5 1층 103, 104호",대구 달성군 유가읍 테크노상업로4길,35.6929458,128.4594384
나폴리언덕,,대구 달성군 유가읍 테크노순환로12길 33,대구 달성군 유가읍 테크노순환로12길,35.7017595,128.4936581
박대박왕소금구이,4.61,대구 달성군 유가읍 테크노상업로4길 14,대구 달성군 유가읍 테크노상업로4길,35.6929458,128.4594384
고향식당,4.3,대구 동구 팔공산로185길 63,대구 동구 팔공산로185길 63,35.9903119,128.6944005
올라오니,,"대구 동구 팔공산로185길 60 1층, 2층 올라오니",대구 동구 팔공산로185길 60,35.9903119,128.6944005
산중식당 팔공산본점,4.33,대구 동구 팔공산로185길 55 1층,대구 동구 팔공산로185길 55,35.9903119,128.6944005
올바릇 나사리식당,,대구 동구 팔공산로 1179 1층~3층,대구 동구 팔공산로 1179,35.9671985,128.6988235
산채식당,4.38,대구 동구 팔공산로185길 72,대구 동구 팔공산로185길 72,35.9903119,128.6944005
탑골식당,4.49,대구 동구 동화사2길 21-7 1층,대구 동구 동화사2길 21-7,35.9906542,128.6987601
수다레스토랑,4.59,대구 동구 동화사2길 21-10,대구 동구 동화사2길 21-10,35.9906542,128.6987601
째미핑거,4.59,대구 동구 팔공산로 1165-7,대구 동구 팔공산로 1165-7,35.9671985,128.6988235
티아이티에프,,대구 동구 팔공산로 1169,대구 동구 팔공산로 1169,35.9671985,128.6988235
가원식당,4.84,대구 동구 팔공산로199길 6-3 가원식당,대구 동구 팔공산로199길 6-3,35.9888968,128.6955486
율하체육공원푸드트럭허가구역,,대구 동구 금호강변로 278,대구 동구 금호강변로 278,35.869654,128.6861292
일등한우 율하점,,대구 동구 안심로22길 60-13 광장프라자2,대구 동구 안심로22길 60-13,35.8630575,128.6959865
콩카페 대구동성로로데오점,,대구 중구 동성로5길 45 2층,대구 중구 동성로5길 45,35.8673876,128.5977543
카페모미,,대구 동구 옻골로 179 카페모미,대구 동구 옻골로 179,35.8988194,128.6840907
카페회낭,,대구 동구 옻골로 187 1층,대구 동구 옻골로 187,35.898037,128.6834838
설악항 호섭이네 11호,4.35,강원 속초시 동해대로 3666 설악항활어회센터 11호 호섭이네횟집,강원 속초시 동해대로 3666,38.2214467,128.5642352
커피마시로,,경북 포항시 북구 환호공원길 19 1층,경북 포항시 북구 환호공원길,36.0682127,129.3950327
용문촌두부,,대구 달성군 화원읍 마비정길 259,대구 달성군 화원읍 마비정길,35.7853706,128.5243673
성주곱창막창,4.44,대구 남구 대명로36길 63 성주곱창막창,대구 남구 대명로36길 63,35.8363589,128.5752928
조조칼국수 앞산점,4.53,대구 남구 현충로15길 13-1,대구 남구 현충로15길 13-1,35.8371707,128.5789842
홍림곱창,4.09,대구 남구 대명로36길 58,대구 남구 대명로36길 58,35.8363589,128.5752928
똔똔이곱창막창,4.48,대구 남구 대명로36길 71-2,대구 남구 대명로36길 71-2,35.8363589,128.5752928
핑퐁스낵,4.47,대구 남구 대명동 872-20,대구 남구 대명동 872-20,35.83873,128.5751
더크,4.83,대구 남구 안골길 42,대구 남구 안골길 42,35.8368029,128.5767763
읍천리382 본점,4.51,대구 남구 안골길 17-1,대구 남구 안골길 17-1,35.8368029,128.5767763
안지곱창막창,4.55,대구 남구 대명로36길 63,대구 남구 대명로36길 63,35.8363589,128.5752928
도리도프,4.55,대구 남구 안골길 57,대구 남구 안골길 57,35.8368029,128.5767763
핑크라이언,4.68,대구 달서구 한실로6길 158-3 핑크라이언,대구 달서구 한실로6길 158-3,35.7971293,128.5289789
동이식당,4.4,대구 달서구 한실로6길 165-7,대구 달서구 한실로6길 165-7,35.79326,128.5299817
롤링핀 대구수목원점,,대구 달서구 한실로6길 158,대구 달서구 한실로6길 158,35.7971293,128.5289789
킹콩 G.C점,,대구 달서구 화암로 322 1~2층,대구 달서구 화암로 322,35.803604,128.5132476
스타벅스 대구수목원점,4.51,대구 달서구 화암로 379,대구 달서구 화암로 379,35.803604,128.5132476
길섶한우 대곡점,4.64,대구 달서구 명천로 43 길섶한우,대구 달서구 명천로 43,35.8082441,128.5124043
샤브향 대구수목원점,4.45,대구 달서구 화암로 323,대구 달서구 화암로 323,35.803604,128.5132476
하루부엌,4.57,대구 달서구 화암로71길 19 하루부엌,대구 달서구 화암로71길 19,35.8047862,128.5182406
일공공샤브 대구수목원점,4.38,대구 달서구 화암로 331,대구 달서구 화암로 331,35.803604,128.5132476
오복반점,4.43,대구 달성군 화원읍 명천로 146,대구 달성군 화원읍 명천로,35.8024075,128.5073996
"엔엘리오카페,베이커리,레스토랑",4.43,대구 달성군 논공읍 비슬로 1137 엔엘리오 커피앤브레드,대구 달성군 논공읍 비슬로,35.7714984,128.4161177
강나들이,4.3,대구 달성군 논공읍 비슬로 1109,대구 달성군 논공읍 비슬로,35.7714984,128.4161177
영서실링진미식당,,대구 달성군 논공읍 약산덧재길 14,대구 달성군 논공읍 약산덧재길,35.7426732,128.4307999
통달배 논공점,,대구 달성군 논공읍 논공로 852-4,대구 달성군 논공읍 논공로,35.7326268,128.4550938
바다친구,4.79,대구 달성군 논공읍 논공로9길 7,대구 달성군 논공읍 논공로9길,35.7292926,128.444474
공원기사식당,4.32,대구 달성군 논공읍 논공로 852-8,대구 달성군 논공읍 논공로,35.7326268,128.4550938
명갈비,,대구 달성군 논공읍 논공로9길 13,대구 달성군 논공읍 논공로9길,35.7292926,128.444474
찜닭상회,,대구 달성군 논공읍 논공로5길 57,대구 달성군 논공읍 논공로5길,35.7290826,128.4416781
피자치크,,대구 달성군 논공읍 논공로7길 26-13,대구 달성군 논공읍 논공로7길,35.7285769,128.4376972
요이땅치킨 논공점,,대구 달성군 논공읍 논공로5길 63,대구 달성군 논공읍 논공로5길,35.7290826,128.4416781
돈가스튀기는오빠 본점,,대구 동구 팔공로51길 41 정욱빌딩 1층,대구 동구 팔공로51길 41,35.9222505,128.6393787
한상바다 봉무본점,4.52,대구 동구 팔공로51길 15-13,대구 동구 팔공로51길 15-13,35.9222505,128.6393787
개정 이시아폴리스점,4.45,대구 동구 팔공로53길 77-2,대구 동구 팔공로53길 77-2,35.9231793,128.6354181
농부,4.5,대구 동구 팔공로51길 41 정욱빌딩2층 농부레스토랑,대구 동구 팔공로51길 41,35.9222505,128.6393787
한끼맛있다 이시아폴리스점,4.42,대구 동구 팔공로51길 31-10,대구 동구 팔공로51길 31-10,35.9222505,128.6393787
명륜진사갈비 대구 이시아폴리스점,,대구 동구 팔공로51길 15-8 2층,대구 동구 팔공로51길 15-8,35.9222505,128.6393787
해운대연탄생갈비 대구이시아폴리스점,,대구 동구 팔공로51길 15-7 105호,대구 동구 팔공로51길 15-7,35.9222505,128.6393787
메콩타이 이시아폴리스점,4.56,대구 동구 팔공로51길 15-8 101호,대구 동구 팔공로51길 15-8,35.9222505,128.6393787
행복한초밥,4.52,대구 동구 팔공로51길 11 1층 114호 행복한초밥,대구 동구 팔공로51길 11,35.9222505,128.6393787
백리향,4.43,대구 동구 팔공로 250 129호,대구 동구 팔공로 250,35.9506006,128.6491495
양춘회,,대구 중구 경상감영1길 13 1층,대구 중구 경상감영1길 13,35.8717842,128.5930285
차방책방,4.89,대구 중구 경상감영길 60 1층 차방책방,대구 중구 경상감영길 60,35.8708028,128.5859117
카페 태평살롱,,대구 중구 서성로14길 84 1층,대구 중구 서성로14길 84,35.8729487,128.588674
민물장어 직판장 풍천관 본점,4.89,대구 달서구 월곡로 268-10 풍천관 본점,대구 달서구 월곡로 268-10,35.8122629,128.54468
돼지만 대구본점,4.62,대구 달서구 상화북로 192,대구 달서구 상화북로 192,35.8125259,128.5478134
월촌역 청춘삼겹살,4.5,대구 달서구 송현로 40-1 청춘삼겹살,대구 달서구 송현로 40-1,35.8301943,128.5441454
비비당,,대구 달서구 월배로 203 1층 비비당,대구 달서구 월배로 203,35.8133817,128.5207133
심야매점 상인동본점,4.4,대구 달서구 월배로 199 1층 심야매점,대구 달서구 월배로 199,35.8133817,128.5207133
베를린 에스프레소 바,4.65,대구 달서구 미리샘길 82 1층,대구 달서구 미리샘길 82,35.8073511,128.5440062
가야성,4.37,대구 달서구 월배로83길 7,대구 달서구 월배로83길 7,35.8333104,128.5454183
최윤숙안동생고기뭉티기 본점,4.46,대구 달서구 월곡로47길 28,대구 달서구 월곡로47길 28,35.8138626,128.5372149
황금쭈꾸미집 상인점,4.92,대구 달서구 월곡로51길 17 황금쭈꾸미집,대구 달서구 월곡로51길 17,35.8158826,128.5372496
샤브20 상인점,,대구 달서구 월배로 227 2층,대구 달서구 월배로 227,35.8133817,128.5207133
대구조개창고 대구달서점,4.24,대구 달서구 명천로 43 길섶한우건물 2층,대구 달서구 명천로 43,35.8082441,128.5124043
니가아는식당 전골&편백찜 대곡점,4.51,대구 달서구 갈밭로4길 14 1층,대구 달서구 갈밭로4길 14,35.8021991,128.5320617
핑크라이언,4.68,대구 달서구 한실로6길 158-3 핑크라이언,대구 달서구 한실로6길 158-3,35.7971293,128.5289789
롤링핀 대구수목원점,,대구 달서구 한실로6길 158,대구 달서구 한실로6길 158,35.7971293,128.5289789
동이식당,4.4,대구 달서구 한실로6길 165-7,대구 달서구 한실로6길 165-7,35.79326,128.5299817
계령식당,4.36,대구 달서구 한실로6길 155-15 1층,대구 달서구 한실로6길 155-15,35.7971293,128.5289789
부용정 굴비정식,,대구 달서구 한실로6길 164 1층 101호,대구 달서구 한실로6길 164,35.7971293,128.5289789
정코다리 대곡점,4.42,대구 달서구 한실로6길 150 정코다리 대곡점 1층,대구 달서구 한실로6길 150,35.7971293,128.5289789
브리즈 브레드,4.47,대구 달서구 한실로6길 120-25 102호,대구 달서구 한실로6길 120-25,35.7971293,128.5289789
WANN,4.32,대구 달서구 한실로6길 161,대구 달서구 한실로6길 161,35.7971293,128.5289789
하빈밥집 본점,4.09,대구 달성군 하빈면 하목정길 32 하빈밥집본점,대구 달성군 하빈면,35.8955154,128.4246415
한밤황토집,4.87,대구 군위군 부계면 한밤8길 46-55,대구 군위군 부계면,36.07075,128.65745
카페우즈,,대구 군위군 부계면 한티로 2034,대구 군위군 부계면 한티로,36.0268872,128.6315373
시골밥상,4.24,대구 군위군 부계면 한티로 1903,대구 군위군 부계면 한티로,36.0268872,128.6315373
금레당,,대구 군위군 부계면 한밤5길 20-1,대구 군위군 부계면,36.07075,128.65745
엘아르카 비타 팔공산점,4.72,대구 군위군 부계면 한티로 2030,대구 군위군 부계면 한티로,36.0268872,128.6315373
돌담칼국수,,대구 군위군 부계면 한밤8길 45-8,대구 군위군 부계면,36.07075,128.65745
두향,,대구 군위군 부계면 한티로 2206-37,대구 군위군 부계면 한티로,36.0268872,128.6315373
대흥식당,,대구 군위군 부계면 한티로 2161,대구 군위군 부계면 한티로,36.0268872,128.6315373
플루보,,대구 군위군 부계면 한밤8길 143-3,대구 군위군 부계면,36.07075,128.65745
카페푸른달,4.4,대구 군위군 부계면 한티로 1905,대구 군위군 부계면 한티로,36.0268872,128.6315373
포도밭식당,4.48,대구 동구 갓바위로 259,대구 동구 갓바위로 259,35.9646,128.71888
Cafe.803,4.59,경북 경산시 와촌면 갓바위로 550 카페 803,경북 경산시 와촌면 갓바위로,35.9745906,128.7681704
갓바위우리식당,4.35,대구 동구 갓바위로 257,대구 동구 갓바위로 257,35.9646,128.71888
천서리메밀촌,4.35,대구 동구 갓바위로 243-3,대구 동구 갓바위로 243-3,35.9646,128.71888
갓오브커피,,대구 동구 갓바위로 243-5 갓오브커피,대구 동구 갓바위로 243-5,35.9646,128.71888
꿀집식당,4.49,대구 동구 갓바위로 256,대구 동구 갓바위로 256,35.9646,128.71888
진선재토속음식전문,4.35,대구 동구 갓바위로 255-10,대구 동구 갓바위로 255-10,35.9646,128.71888
커피(선본사),4.44,경북 경산시 와촌면 갓바위로81길 176-64,경북 경산시 와촌면,35.95022,128.81517
산골식당,,대구 동구 갓바위로 255-4,대구 동구 갓바위로 255-4,35.9646,128.71888
건강밥상군불로,,대구 동구 갓바위로 244,대구 동구 갓바위로 244,35.9646,128.71888
선비꼬마김밥 각산비나리공원점,,대구 동구 이노밸리로 162 105호,대구 동구 이노밸리로 162,35.8805911,128.7088467
곳카페,4.54,대구 동구 지묘동 86-5,대구 동구 지묘동 86-5,35.95125,128.64636
팔공산 닭갈비,4.59,대구 동구 파계로 154-8,대구 동구 파계로 154-8,35.9935142,128.6378505
오오키,4.71,대구 동구 신숭겸길 7,대구 동구 신숭겸길 7,35.9414881,128.6407804
아미타,,대구 동구 팔공로 505 1층 아미타카페,대구 동구 팔공로 505,35.9506006,128.6491495
팔공로507,,대구 동구 팔공로 507 1층,대구 동구 팔공로 507,35.9551193,128.688228
팔공참한우마실,,대구 동구 팔공로 481,대구 동구 팔공로 481,35.9551193,128.688228
화덕촌 대구지묘점,,대구 동구 신숭겸길 15 지묘동근생 C동 1층,대구 동구 신숭겸길 15,35.9414881,128.6407804
커피팩토리,4.59,대구 동구 팔공로101길 39 커피팩토리,대구 동구 팔공로101길 39,35.942818,128.6444788
시골보리밥,4.3,대구 동구 파계로 126,대구 동구 파계로 126,35.9935142,128.6378505
숯불바베큐 감탄,4.55,대구 동구 파계로6길 24 1층,대구 동구 파계로6길 24,35.9415886,128.6387036
모이다식탁 연암공원점,4.72,대구 북구 연암공원로 38,대구 북구 연암공원로 38,35.8975634,128.6024799
똥집대통령 평화시장본점,4.36,대구 동구 아양로9길 7,대구 동구 아양로9길 7,35.8875198,128.6178686
더큰본부 똥집 찜닭,4.46,대구 동구 아양로9길 8 1층,대구 동구 아양로9길 8,35.8875198,128.6178686
똥집을 잘 아는 남자,4.39,대구 동구 아양로9길 3,대구 동구 아양로9길 3,35.8875198,128.6178686
고인돌,,대구 동구 아양로9길 5 1층고인돌,대구 동구 아양로9길 5,35.8875198,128.6178686
그놈포차 대구신암점,,대구 동구 아양로 25 1층,대구 동구 아양로 25,35.895251,128.6454023
신산홍,4.93,대구 동구 아양로7길 12 신암뜨란채 상가108호,대구 동구 아양로7길 12,35.8871426,128.6171509
경원해물찜 범어점,,경남 양산시 물금읍 범구5길 22 1층,경남 양산시 물금읍 범구5길,35.3246542,129.0147255
써브웨이 화성송산그린시티,,"경기 화성시 수노을중앙로 130 1층 104, 105호",경기 화성시 수노을중앙로 130,37.2759152,126.8250897
앞산구움미학,,대구 남구 안지랑로15길 52-1 1층 101호,대구 남구 안지랑로15길 52-1,35.8365662,128.5696119
화덕꽃피자,,대구 남구 앞산순환로 397 1층,대구 남구 앞산순환로 397,35.8343976,128.6033977
현짬뽕,4.55,대구 남구 대봉로 89,대구 남구 대봉로 89,35.8532211,128.6029356
조조칼국수 앞산점,4.53,대구 남구 현충로15길 13-1,대구 남구 현충로15길 13-1,35.8371707,128.5789842
오무하무,,대구 남구 안지랑로 21 1층 오무하무,대구 남구 안지랑로 21,35.8354564,128.571409
앞산 큰골집 본점,4.75,대구 남구 큰골길 35 앞산큰골집,대구 남구 큰골길 35,35.8362566,128.582676
고바카츠,,대구 남구 현충로 41-1 1층,대구 남구 현충로 41-1,35.8428494,128.5800114
브리에브레드,,대구 남구 현충로7길 7 1층,대구 남구 현충로7길 7,35.8351825,128.5759851
지환이네왕족발 본점,4.68,대구 남구 대명복개로 96,대구 남구 대명복개로 96,35.8415847,128.5660061
크래프터,4.53,대구 남구 현충로 41-3,대구 남구 현충로 41-3,35.8428494,128.5800114
청밭추어탕 만촌점,,대구 수성구 만촌로 142 1층(만촌동),대구 수성구 만촌로 142,35.8651788,128.6430098
묘운,,대구 달성군 하빈면 육신사길 34 1층,대구 달성군 하빈면 육신사길,35.9082624,128.4167598
전통맛손칼국수,,대구 달성군 하빈면 묘동길 205,대구 달성군 하빈면 묘동길,35.8927257,128.4229315
카페투고,,대구 달성군 하빈면 육신사길 3,대구 달성군 하빈면 육신사길,35.9082624,128.4167598
윤이푸드,,대구 달성군 하빈면 하산4길 77,대구 달성군 하빈면,35.8955154,128.4246415
출장뷔페,,경북 칠곡군 왜관읍 금남리,경북 칠곡군 왜관읍 금남리,35.9074,128.40678
범산목장 두산점,4.48,대구 수성구 동대구로 59 대우트럼프월드아파트 D동 104호,대구 수성구 동대구로 59,35.8644558,128.626983
OK참숯목장,,대구 북구 대천로7길 6-15 야우목장,대구 북구 대천로7길 6-15,35.9381097,128.5540622
한우목장,4.42,대구 달서구 장기로57서길 6,대구 달서구 장기로57서길 6,35.8421427,128.5289821
반야월OK한우목장김또깡1호점,4.33,대구 동구 동호로2길 37,대구 동구 동호로2길 37,35.8646869,128.7231003
산수골목장,4.2,대구 달서구 월배로5길 8-11,대구 달서구 월배로5길 8-11,35.8121764,128.5175412
바다목장,,대구 북구 칠곡중앙대로91길 22,대구 북구 칠곡중앙대로91길 22,35.9366235,128.5454286
로비아네,4.63,대구 북구 옥산로 111 1층,대구 북구 옥산로 111,35.8840204,128.5871366
네시앙,4.37,대구 수성구 동대구로 394 네시앙,대구 수성구 동대구로 394,35.8644558,128.626983
레디투커피,,대구 수성구 청솔로 71 1층,대구 수성구 청솔로 71,35.8485782,128.6204965
리틀티가든,,울산 울주군 상북면 신기길 50-1,울산 울주군 상북면 신기길,35.6159714,129.0725803
힙포 본점,4.69,경기 고양시 일산동구 고봉로 771 1층,경기 고양시 일산동구 고봉로,37.7156533,126.7886905
앞산전망대(비파산전망대) 카페,,대구 남구 앞산순환로 454,대구 남구 앞산순환로 454,35.8343976,128.6033977
이디야커피 성서운동장점,4.4,"대구 달서구 선원로23길 5 1,2층",대구 달서구 선원로23길 5,35.8608184,128.5026804
최쉐프의아구왕,,경기 구리시 벌말로147번길 59 1층,경기 구리시 벌말로147번길 59,37.5900698,127.1472061
연화산,,"경기 구리시 벌말로 76 1, 2층",경기 구리시 벌말로 76,37.5834671,127.1470451
형제조각 여의도,,서울 영등포구 국제금융로8길 16 지하1층 B132호,서울 영등포구 국제금융로8길 16,37.521419,126.9268305
가양칼국수버섯매운탕,4.44,서울 영등포구 국제금융로 78 홍우빌딩 지하 1층,서울 영등포구 국제금융로 78,37.5208211,126.931415
진주집,4.4,서울 영등포구 국제금융로6길 33 지하 1층,서울 영등포구 국제금융로6길 33,37.520754,126.926827
코코로카라 더현대 서울,,서울 영등포구 여의대로 108,서울 영등포구 여의대로 108,37.526659949999996,126.92720561670195
테디뵈르하우스 더현대서울점,,서울 영등포구 여의대로 108,서울 영등포구 여의대로 108,37.526659949999996,126.92720561670195
수티문,,서울 영등포구 국제금융로8길 27-8 지하1층 수티문,서울 영등포구 국제금융로8길 27-8,37.521419,126.9268305
타마,,서울 영등포구 은행로 30 1층,서울 영등포구 은행로 30,37.5295537,126.9235887
주옥발,,"서울 영등포구 여의대방로69길 19 상가동 2층 201호, 202호",서울 영등포구 여의대방로69길 19,37.5204405,126.9309014
플랩잭팬트리 태전점,,경기 광주시 고불로 106 3층 3호,경기 광주시 고불로 106,37.3928463,127.2355655
삼대족발 중대물빛공원점,4.43,경기 광주시 순암로 294 1층,경기 광주시 순암로 294,37.394688,127.2422436
오호리준 범어본사직영점,4.71,대구 수성구 동대구로59길 14-2 101호,대구 수성구 동대구로59길 14-2,35.8585614,128.6246843
딥커피로스터스 범어,,대구 수성구 범어천로 155-1 1층,대구 수성구 범어천로 155-1,35.8639354,128.6187968
라파테,,대구 수성구 상록로 22-15 La pate,대구 수성구 상록로 22-15,35.8600872,128.6253834
다이닝슬로우라이프,,대구 수성구 상록로2길 45,대구 수성구 상록로2길 45,35.8604847,128.6247654
대구만두 범어점,4.81,대구 수성구 달구벌대로480길 21 1층 대구만두 범어점 (대구광역시 수성구 범어동 547-3 1층 대구만두 범어점),대구 수성구 달구벌대로480길 21,35.8585363,128.6239078
만재네 범어점,,대구 수성구 상록로 10,대구 수성구 상록로 10,35.8600872,128.6253834
커피맛을조금아는남자 본점,,대구 수성구 범어천로 153 1층,대구 수성구 범어천로 153,35.8639354,128.6187968
다이닝한재여관,4.44,대구 수성구 동대구로59길 10-15,대구 수성구 동대구로59길 10-15,35.8585614,128.6246843
짬뽕지존 대구범어점,,대구 수성구 상록로 5 2층,대구 수성구 상록로 5,35.8600872,128.6253834
우니카트,4.55,대구 수성구 범어천로 151-4,대구 수성구 범어천로 151-4,35.856474,128.6224319
민물장어 직판장 풍천관 본점,4.89,대구 달서구 월곡로 268-10 풍천관 본점,대구 달서구 월곡로 268-10,35.8122629,128.54468
돼지만 대구본점,4.62,대구 달서구 상화북로 192,대구 달서구 상화북로 192,35.8125259,128.5478134
월촌역 청춘삼겹살,4.5,대구 달서구 송현로 40-1 청춘삼겹살,대구 달서구 송현로 40-1,35.8301943,128.5441454
비비당,,대구 달서구 월배로 203 1층 비비당,대구 달서구 월배로 203,35.8133817,128.5207133
가야성,4.37,대구 달서구 월배로83길 7,대구 달서구 월배로83길 7,35.8333104,128.5454183
심야매점 상인동본점,4.4,대구 달서구 월배로 199 1층 심야매점,대구 달서구 월배로 199,35.8133817,128.5207133
베를린 에스프레소 바,4.65,대구 달서구 미리샘길 82 1층,대구 달서구 미리샘길 82,35.8073511,128.5440062
최윤숙안동생고기뭉티기 본점,4.46,대구 달서구 월곡로47길 28,대구 달서구 월곡로47길 28,35.8138626,128.5372149
황금쭈꾸미집 상인점,4.92,대구 달서구 월곡로51길 17 황금쭈꾸미집,대구 달서구 월곡로51길 17,35.8158826,128.5372496
샤브20 상인점,,대구 달서구 월배로 227 2층,대구 달서구 월배로 227,35.8133817,128.5207133
블랙타코앤그릴,4.53,대구 중구 공평로 31 건물 2층,대구 중구 공평로 31,35.8739593,128.6014294
빠레뜨한남 대구 동성로점,,대구 중구 동성로2길 58 2층 빠레뜨한남,대구 중구 동성로2길 58,35.8667277,128.5963147
오무하무 동성로점,,대구 중구 동성로3길 5 2층,대구 중구 동성로3길 5,35.8678877,128.597894
몽블랑드파리,,대구 중구 동성로6길 21,대구 중구 동성로6길 21,35.8691016,128.5952997
머꼬삼겹살,4.78,대구 중구 동성로3길 32-43 1층,대구 중구 동성로3길 32-43,35.8664398,128.5983398
숨은집 동성로본점,4.65,대구 중구 동성로1길 46-23 1층,대구 중구 동성로1길 46-23,35.8671397,128.59526
신라식당,4.39,대구 중구 중앙대로 406-8,대구 중구 중앙대로 406-8,35.8579739,128.5922977
도마29,4.62,대구 중구 동성로1길 46-2 도마29,대구 중구 동성로1길 46-2,35.8671397,128.59526
과정,,대구 중구 동성로2길 4-5 과정,대구 중구 동성로2길 4-5,35.8667277,128.5963147
차이,4.58,대구 중구 동성로2길 18-15,대구 중구 동성로2길 18-15,35.8667277,128.5963147
연남한양집,,서울 마포구 동교로46길 26 1층,서울 마포구 동교로46길 26,37.5622319,126.9261355
오마,4.57,서울 마포구 성미산로 192 2F 오마,서울 마포구 성미산로 192,37.5581136,126.9086053
연경 연희점,,서울 서대문구 연희로 145,서울 서대문구 연희로 145,37.5911685,126.9407994
오버딥,,"서울 마포구 성미산로 149-8 2, 3층, 루프탑",서울 마포구 성미산로 149-8,37.5581136,126.9086053
미니히노코,,서울 마포구 동교로38길 33-16 2층 미니히노코,서울 마포구 동교로38길 33-16,37.561733,126.9254562
쿳사 연희,4.73,서울 서대문구 증가로 48,서울 서대문구 증가로 48,37.5775377,126.923592
우동카덴,4.3,서울 서대문구 연희로 173 거화빌딩 1층,서울 서대문구 연희로 173,37.5911685,126.9407994
카페 마,,서울 서대문구 연희로11가길 48-10,서울 서대문구 연희로11가길 48-10,37.5671516,126.9271868
작은스페인,4.57,서울 서대문구 연희로25길 37,서울 서대문구 연희로25길 37,37.5726636,126.9340197
그로어스,,서울 서대문구 연희로27길 52,서울 서대문구 연희로27길 52,37.5719783,126.9332807
윤쉐프의 고기집,4.54,경북 구미시 신시로14길 10 상산에이스타운 105호,경북 구미시 신시로14길 10,36.117023,128.3460512
진남체육공원 식당,4.06,전남 여수시 진남체육관길 29,전남 여수시 진남체육관길 29,34.7601436,127.7194419
카페 날마다봄날,4.67,경기 의왕시 부곡중학길 69-20 2층,경기 의왕시 부곡중학길 69-20,37.3160138,126.9560118
샤브마니아 포항양덕점,,경북 포항시 북구 장량로 226 샤브마니아,경북 포항시 북구 장량로,36.0819072,129.4060536
일등한우 율하점,,대구 동구 안심로22길 60-13 광장프라자2,대구 동구 안심로22길 60-13,35.8630575,128.6959865
커피방앗간정미소,4.68,경북 포항시 남구 희망대로 973 커피방앗간정미소,경북 포항시 남구 희망대로,36.012057,129.3425989
생수정,4.32,대구 달성군 가창면 우록3길 58,대구 달성군 가창면,35.7778073,128.6476679
호랑이장칼국수 가창본점,,대구 달성군 가창면 우록길 184 1층,대구 달성군 가창면 우록길,35.7314021,128.6573549
밥을짓다 가창점,,대구 달성군 가창면 우록1길 3-20 가창 밥을짓다,대구 달성군 가창면,35.7778073,128.6476679
룰리커피 가창점,,대구 달성군 가창면 우록길 76,대구 달성군 가창면 우록길,35.7314021,128.6573549
노즈커피,,대구 달성군 가창면 우록길 244 A동,대구 달성군 가창면 우록길,35.7314021,128.6573549
감나무집,,대구 달성군 가창면 우록3길 73,대구 달성군 가창면,35.7778073,128.6476679
우록뜰,,대구 달성군 가창면 우록길 127 우록뜰,대구 달성군 가창면 우록길,35.7314021,128.6573549
커피 빈잔,4.6,대구 달성군 가창면 우록길 177-11,대구 달성군 가창면 우록길,35.7314021,128.6573549
덕이네,,대구 달성군 가창면 우록길 287 1층,대구 달성군 가창면 우록길,35.7314021,128.6573549
숲속의 피자,,대구 달성군 가창면 우록길 131 가창카페 아트도서관,대구 달성군 가창면 우록길,35.7314021,128.6573549
푸른회식당,4.46,대구 서구 달구벌대로375길 14-1,대구 서구 달구벌대로375길 14-1,35.8630316,128.5702204
반고개의성무침회본점,4.49,대구 서구 달구벌대로375길 17,대구 서구 달구벌대로375길 17,35.8630316,128.5702204
똘똘이식당,4.37,대구 서구 달구벌대로375길 31,대구 서구 달구벌대로375길 31,35.8630316,128.5702204
호남원조식당,4.58,대구 서구 달구벌대로375길 26-1,대구 서구 달구벌대로375길 26-1,35.8630316,128.5702204
하프힐,,대구 서구 달구벌대로375길 23-1 하프힐 1층,대구 서구 달구벌대로375길 23-1,35.8630316,128.5702204
늘푸른무침회,4.38,대구 서구 달구벌대로375길 11-2,대구 서구 달구벌대로375길 11-2,35.8630316,128.5702204
반고개무침회,4.34,대구 서구 달구벌대로375길 28 반고개무침회,대구 서구 달구벌대로375길 28,35.8630316,128.5702204
대교식당,4.38,대구 서구 달구벌대로375길 23 대교회식당,대구 서구 달구벌대로375길 23,35.8630316,128.5702204
원조반고개무침회,4.62,대구 서구 달구벌대로375길 20,대구 서구 달구벌대로375길 20,35.8630316,128.5702204
역전할머니맥주 대구반고개점,4.63,대구 서구 달구벌대로375길 6,대구 서구 달구벌대로375길 6,35.8630316,128.5702204
신통치킨 상리공원점(용산파크타운 상가),4.59,대구 달서구 용산로 259 용산파크타운,대구 달서구 용산로 259,35.8450868,128.5315894
카페캔버스 상리공원점,,대구 달서구 용산로 259 용산파크타운 상가1층 카페캔버스버스,대구 달서구 용산로 259,35.8450868,128.5315894
블랙타코앤그릴,4.53,대구 중구 공평로 31 건물 2층,대구 중구 공평로 31,35.8739593,128.6014294
머꼬삼겹살,4.78,대구 중구 동성로3길 32-43 1층,대구 중구 동성로3길 32-43,35.8664398,128.5983398
왕거미식당,4.42,대구 중구 국채보상로 696-8,대구 중구 국채보상로 696-8,35.8694898,128.609113
얼디,4.69,대구 중구 달구벌대로445길 26-5 1층,대구 중구 달구벌대로445길 26-5,35.8643327,128.6078914
티미드,,대구 중구 국채보상로150길 76-6 1층,대구 중구 국채보상로150길 76-6,35.8665792,128.6116577
동아식당,4.55,대구 중구 국채보상로125길 14,대구 중구 국채보상로125길 14,35.8710451,128.5988198
바스코 동성로본점,4.58,대구 중구 동성로4길 100 vasco,대구 중구 동성로4길 100,35.8675075,128.5991196
카페 루시드,4.67,대구 중구 동성로4길 94,대구 중구 동성로4길 94,35.8688273,128.5996394894397
무하노뎅,,"대구 중구 교동3길 31 1, 2층",대구 중구 교동3길 31,35.8725584,128.5986233
낙영찜갈비 본점,4.23,대구 중구 동덕로36길 9-17,대구 중구 동덕로36길 9-17,35.8693644,128.6097196
자연산회,4.61,대구 달서구 장기로 285,대구 달서구 장기로 285,35.84349,128.54484
장기동막창마을,4.78,대구 달서구 용산로 31,대구 달서구 용산로 31,35.8602994,128.5306306
밥스딜라잇,,"대구 달서구 장기로 231 1층,2층",대구 달서구 장기로 231,35.84349,128.54484
루나루이스,4.45,대구 달서구 대명천로 245,대구 달서구 대명천로 245,35.8394646,128.5467854
농부네숯불닭,,대구 달서구 용산로 61 1층 농부네숯불닭,대구 달서구 용산로 61,35.8450868,128.5315894
쭈꾸미집,4.46,대구 달서구 용산로 55,대구 달서구 용산로 55,35.8450868,128.5315894
깔꾸리족발보쌈국수,4.55,대구 달서구 대명천로 240 1층,대구 달서구 대명천로 240,35.8394646,128.5467854
조돌해녀 장기점,4.53,대구 달서구 용산로 33 본리동 1199-5,대구 달서구 용산로 33,35.8450868,128.5315894
곱창이야기 대구장기동점,4.63,대구 달서구 장기로57길 21 1층,대구 달서구 장기로57길 21,35.8431428,128.5293959
포뜬갈비 장기점,4.32,대구 달서구 대명천로 282 포뜬갈비 장기점,대구 달서구 대명천로 282,35.8394646,128.5467854
블랙타코앤그릴,4.53,대구 중구 공평로 31 건물 2층,대구 중구 공평로 31,35.8739593,128.6014294
빠레뜨한남 대구 동성로점,,대구 중구 동성로2길 58 2층 빠레뜨한남,대구 중구 동성로2길 58,35.8667277,128.5963147
사석,,대구 중구 중앙대로 375 YMCA 건물 1층 사석,대구 중구 중앙대로 375,35.8579739,128.5922977
몽블랑드파리,,대구 중구 동성로6길 21,대구 중구 동성로6길 21,35.8691016,128.5952997
오무하무 동성로점,,대구 중구 동성로3길 5 2층,대구 중구 동성로3길 5,35.8678877,128.597894
머꼬삼겹살,4.78,대구 중구 동성로3길 32-43 1층,대구 중구 동성로3길 32-43,35.8664398,128.5983398
숨은집 동성로본점,4.65,대구 중구 동성로1길 46-23 1층,대구 중구 동성로1길 46-23,35.8671397,128.59526
도마29,4.62,대구 중구 동성로1길 46-2 도마29,대구 중구 동성로1길 46-2,35.8671397,128.59526
과정,,대구 중구 동성로2길 4-5 과정,대구 중구 동성로2길 4-5,35.8667277,128.5963147
차이,4.58,대구 중구 동성로2길 18-15,대구 중구 동성로2길 18-15,35.8667277,128.5963147
공원식당,4.0,대구 달서구 송현로8길 18,대구 달서구 송현로8길 18,35.8237329,128.548746
송현대게,4.61,부산 수영구 광안해변로358번길 6,부산 수영구 광안해변로358번길 6,35.1552837,129.132107
산엘아르카,4.46,대구 달성군 유가읍 휴양림길 416 브런치카페 산엘아르카,대구 달성군 유가읍 휴양림길,35.7004546,128.4874565
카페 담,4.38,대구 달성군 유가읍 유가사2길 15,대구 달성군 유가읍,35.6940422,128.4597255
송이초심정,4.22,대구 달성군 유가읍 유가사길 81 초심정,대구 달성군 유가읍,35.6940422,128.4597255
헤세디온,,대구 달성군 유가읍 휴양림길 440-27,대구 달성군 유가읍 휴양림길,35.7004546,128.4874565
포레밀,,대구 달성군 유가읍 휴양림길 481 포레밀,대구 달성군 유가읍 휴양림길,35.7004546,128.4874565
마루스테이,,대구 달성군 유가읍 유가사길 87 마루스테이,대구 달성군 유가읍,35.6940422,128.4597255
롤링핀 비슬산점,,대구 달성군 유가읍 휴양림길 439,대구 달성군 유가읍 휴양림길,35.7004546,128.4874565
유가사만물식당,4.06,대구 달성군 유가읍 유가사2길 14,대구 달성군 유가읍,35.6940422,128.4597255
산수정,4.31,대구 달성군 유가읍 유가사길 65,대구 달성군 유가읍,35.6940422,128.4597255
와우산성,,대구 달성군 유가읍 유가사1길 37,대구 달성군 유가읍,35.6940422,128.4597255
청밭추어탕 만촌점,,대구 수성구 만촌로 142 1층(만촌동),대구 수성구 만촌로 142,35.8651788,128.6430098
커피바람,4.55,대구 수성구 팔현길 209-35 1층,대구 수성구 팔현길 209-35,35.8740768,128.6581634
솔밭생수식당,4.6,대구 수성구 들안로 93-1 1층~2층,대구 수성구 들안로 93-1,35.8411811,128.6173904
스트로우베이지,,대구 남구 두류공원로17길 89 1층,대구 남구 두류공원로17길 89,35.8444104,128.5682256
GRIFFIN,4.31,대구 남구 두류공원로 73,대구 남구 두류공원로 73,35.842484,128.5717265
그라운드페퍼,4.85,대구 남구 두류공원로 87-2 2층,대구 남구 두류공원로 87-2,35.842484,128.5717265
삼산회관 속초엑스포점,,강원 속초시 엑스포로1길 21 1층,강원 속초시 엑스포로1길 21,38.1906712,128.5879467
빠레뜨한남 대구 동성로점,,대구 중구 동성로2길 58 2층 빠레뜨한남,대구 중구 동성로2길 58,35.8667277,128.5963147
몽블랑드파리,,대구 중구 동성로6길 21,대구 중구 동성로6길 21,35.8691016,128.5952997
신라식당,4.39,대구 중구 중앙대로 406-8,대구 중구 중앙대로 406-8,35.8579739,128.5922977
히야,,대구 중구 교동1길 30 1층,대구 중구 교동1길 30,35.8738107,128.5972516
동아식당,4.55,대구 중구 국채보상로125길 14,대구 중구 국채보상로125길 14,35.8710451,128.5988198
무하노뎅,,"대구 중구 교동3길 31 1, 2층",대구 중구 교동3길 31,35.8725584,128.5986233
바스코 동성로본점,4.58,대구 중구 동성로4길 100 vasco,대구 중구 동성로4길 100,35.8675075,128.5991196
전원돈까스,4.48,대구 중구 동성로6길 2-23 B1F,대구 중구 동성로6길 2-23,35.8691016,128.5952997
카페 루시드,4.67,대구 중구 동성로4길 94,대구 중구 동성로4길 94,35.8688273,128.5996394894397
군위식당,4.3,대구 중구 경상감영길 101 중앙상가,대구 중구 경상감영길 101,35.8708028,128.5859117
달인의찜닭 두류점,4.33,대구 달서구 두류공원로 255-1 1층,대구 달서구 두류공원로 255-1,35.8522393,128.5623122
노가국수,,대구 서구 국채보상로38길 3 1층 노가국수,대구 서구 국채보상로38길 3,35.8666099,128.5528131
하양끝집 대봉점,,대구 중구 대봉로 214 1층,대구 중구 대봉로 214,35.8600276,128.6022248
로바타고요,,대구 중구 동덕로 48-10 1층,대구 중구 동덕로 48-10,35.8599293,128.604328
대봉집 컴퍼니,4.79,대구 중구 대봉로 204-1,대구 중구 대봉로 204-1,35.8600276,128.6022248
오가닉모가,4.66,대구 중구 동덕로 48-5 오가닉모가,대구 중구 동덕로 48-5,35.8599293,128.604328
구공회,,대구 중구 대봉로 220-27,대구 중구 대봉로 220-27,35.8496011,128.60457761853158
아폴로식당,4.78,대구 중구 대봉로 225 아폴로식당,대구 중구 대봉로 225,35.8600276,128.6022248
덕일생고기 대봉점,,대구 중구 대봉로 220-1,대구 중구 대봉로 220-1,35.8600276,128.6022248
동근막창,,대구 중구 대봉로 236 1층 동근막창 본점,대구 중구 대봉로 236,35.8596021,128.601147
무화,4.97,대구 중구 대봉로 207-1,대구 중구 대봉로 207-1,35.8600276,128.6022248
봉자막창 대구대봉점,,대구 중구 대봉로 221-1 지상1층,대구 중구 대봉로 221-1,35.8600276,128.6022248
무성생삼겹브라더스,4.72,대구 남구 두류공원로 30-2,대구 남구 두류공원로 30-2,35.842484,128.5717265
플란트,,대구 남구 현충로7길 13-1 플란트,대구 남구 현충로7길 13-1,35.8348913,128.5766888
현짬뽕,4.55,대구 남구 대봉로 89,대구 남구 대봉로 89,35.8532211,128.6029356
조조칼국수 앞산점,4.53,대구 남구 현충로15길 13-1,대구 남구 현충로15길 13-1,35.8371707,128.5789842
앞산 큰골집 본점,4.75,대구 남구 큰골길 35 앞산큰골집,대구 남구 큰골길 35,35.8362566,128.582676
고바카츠,,대구 남구 현충로 41-1 1층,대구 남구 현충로 41-1,35.8428494,128.5800114
브리에브레드,,대구 남구 현충로7길 7 1층,대구 남구 현충로7길 7,35.8351825,128.5759851
크래프터,4.53,대구 남구 현충로 41-3,대구 남구 현충로 41-3,35.8428494,128.5800114
아눅 앞산,4.51,대구 남구 앞산순환로 459 아눅 앞산,대구 남구 앞산순환로 459,35.83236,128.5751443
레오차우,4.61,대구 남구 큰골길 46,대구 남구 큰골길 46,35.8362566,128.582676
카페기브온,4.36,대구 달성군 구지면 구지서로 678-13 카페기브온,대구 달성군 구지면 구지서로,35.6792422,128.3637364
호야네식당,4.66,대구 달성군 구지면 구지서로 440,대구 달성군 구지면 구지서로,35.6792422,128.3637364
카페 보물350,,대구 달성군 구지면 구지서로 710-2 1층,대구 달성군 구지면 구지서로,35.6792422,128.3637364
도동리138,,대구 달성군 구지면 구지서로 630,대구 달성군 구지면 구지서로,35.6792422,128.3637364
카페D.D.R.628,,대구 달성군 구지면 구지서로 630,대구 달성군 구지면 구지서로,35.6792422,128.3637364
개경포주막,,경북 고령군 개진면 개경포로 681,경북 고령군 개진면 개경포로,35.7250144,128.300247
삼성식당,,경북 고령군 개진면 개경포로 963,경북 고령군 개진면 개경포로,35.7250144,128.300247
대천식육식당,,경북 고령군 개진면 개경포로 961,경북 고령군 개진면 개경포로,35.7250144,128.300247
나루터식당,,경북 고령군 개진면 개경포로 610,경북 고령군 개진면 개경포로,35.7250144,128.300247
화본마을마중,,대구 군위군 산성면 산성가음로 694 화본마을마중,대구 군위군 산성면 산성가음로,36.1053877,128.7089894
일막이곱 선산곱창,4.73,대구 북구 구암로65길 2 1층 일막이곱 선산곱창,대구 북구 구암로65길 2,35.940523,128.569401
녹야원 대구칠곡 3지구점,4.7,대구 북구 동암로 128-10 3층 녹야원,대구 북구 동암로 128-10,35.943258,128.564546
삼거리회타운,4.7,대구 북구 구암로 280-1,대구 북구 구암로 280-1,35.9317836,128.5646086
단성무이 칠곡점,,대구 북구 동천로 128-16 1층,대구 북구 동천로 128-16,35.9424034,128.56250742085768
하늘미가 칠곡,4.47,대구 북구 구암로60길 5,대구 북구 구암로60길 5,35.9377105,128.5696828
소소래,,대구 북구 학정로 284 (구암동),대구 북구 학정로 284,35.9179453,128.5503581
이상근의삼거리오징어회타운,4.41,대구 북구 구암로 280,대구 북구 구암로 280,35.9317836,128.5646086
꽃돼지식당 칠곡3지구점,4.42,대구 북구 동천로 130-7 1층,대구 북구 동천로 130-7,35.94327755,128.56185069930115
포도도 칠곡3지구점,,대구 북구 동천로24길 5 1층 102호,대구 북구 동천로24길 5,35.94205755,128.5611515322215
큰마루팔봉,4.62,대구 북구 구암로 203,대구 북구 구암로 203,35.9323942,128.5505205
팔공산 영화식당,,대구 동구 파계로138길 53,대구 동구 파계로138길 53,35.9918023,128.6393582
황토시골집,4.33,대구 동구 파계로 604,대구 동구 파계로 604,35.9935142,128.6378505
동림식당,4.34,대구 동구 파계로116길 49,대구 동구 파계로116길 49,35.9870341,128.6386123
조가네갑오징어 대구팔공산점,4.56,대구 동구 파계로131길 40,대구 동구 파계로131길 40,35.9898117,128.6348024
베르겐 에스프레소바,,대구 동구 파계로138길 64 베르겐 에스프레소바,대구 동구 파계로138길 64,35.9918023,128.6393582
아노블리오,4.48,대구 동구 파계로 700 아노블리오,대구 동구 파계로 700,35.9935142,128.6378505
팔공산 영화식당,,대구 동구 파계로138길 53,대구 동구 파계로138길 53,35.9918023,128.6393582
스타벅스 대구팔공산점,4.49,대구 동구 파계로 650,대구 동구 파계로 650,35.9935142,128.6378505
아리찬쭈꾸미 팔공산,,대구 동구 파계로131길 50-2 아리찬,대구 동구 파계로131길 50-2,35.9895521,128.63613180150463
하이브,4.38,대구 동구 파계로 653,대구 동구 파계로 653,35.9935142,128.6378505
의정부 부대찌개,4.33,대구 북구 구암로 250 1층 의정부부대찌개,대구 북구 구암로 250,35.9323942,128.5505205
더드림삼겹살전문점 대구칠곡점,4.65,대구 북구 구암로 254 1층 더드림 삼겹살,대구 북구 구암로 254,35.9317836,128.5646086
화암골가든,,강원 정선군 화암면 화암동굴길 12-22,강원 정선군 화암면,37.3233602,128.8134721
더뷔페 앳 인터불고,4.54,대구 수성구 팔현길 212 호텔인터불고,대구 수성구 팔현길 212,35.8634775,128.6724827
청담한쭈꾸미,,대구 동구 효동로2길 47-7,대구 동구 효동로2길 47-7,35.8805196,128.6528605
로렐트리 동촌유원지 본점,4.71,대구 동구 효동로6길 122 로렐트리,대구 동구 효동로6길 122,35.8793815,128.6546749
민물장어 직판장 풍천관 동촌유원지점,,대구 동구 효동로2길 47-7 2층 풍천관 동촌유원지점,대구 동구 효동로2길 47-7,35.8805196,128.6528605
코지하우스 대구 동구점,,대구 동구 동촌로 370 코지하우스,대구 동구 동촌로 370,35.8848859,128.6570617
슬로우벗베럴 대구점,,대구 동구 신평로 113,대구 동구 신평로 113,35.880136,128.6714856
백구한식,4.46,대구 동구 동촌로46길 12-3,대구 동구 동촌로46길 12-3,35.8796815,128.6639307
아양짚 동촌유원지점,,대구 동구 효동로2길 29 1층 아양짚,대구 동구 효동로2길 29,35.8805196,128.6528605
쌍쌍오리한마당 본점,,대구 동구 화랑로88길 76 쌍쌍오리한마당(본점),대구 동구 화랑로88길 76,35.8745074,128.6663656
촘촘 동촌유원지점,4.45,대구 동구 효동로6길 84-8 2층,대구 동구 효동로6길 84-8,35.8793815,128.6546749
다람쥐카페,,대구 군위군 삼국유사면 화산산성길 57,대구 군위군 삼국유사면,36.15227,128.82066
참아나고해산물,4.44,대구 서구 북비산로74길 46-1,대구 서구 북비산로74길 46-1,35.8778875,128.575405
파란집,4.24,경남 창원시 진해구 명동로 39-1,경남 창원시 진해구,35.1319,128.7103
블랙타코앤그릴,4.53,대구 중구 공평로 31 건물 2층,대구 중구 공평로 31,35.8739593,128.6014294
사석,,대구 중구 중앙대로 375 YMCA 건물 1층 사석,대구 중구 중앙대로 375,35.8579739,128.5922977
빠레뜨한남 대구 동성로점,,대구 중구 동성로2길 58 2층 빠레뜨한남,대구 중구 동성로2길 58,35.8667277,128.5963147
노팅힐커피하우스,,대구 중구 명륜로23길 56 1층,대구 중구 명륜로23길 56,35.861698,128.5960448
몽블랑드파리,,대구 중구 동성로6길 21,대구 중구 동성로6길 21,35.8691016,128.5952997
구삼커피,4.7,대구 중구 봉산문화2길 16-3 구삼커피,대구 중구 봉산문화2길 16-3,35.8638658,128.596748
얼디,4.69,대구 중구 달구벌대로445길 26-5 1층,대구 중구 달구벌대로445길 26-5,35.8643327,128.6078914
오무하무 동성로점,,대구 중구 동성로3길 5 2층,대구 중구 동성로3길 5,35.8678877,128.597894
보난자카츠,,대구 중구 달구벌대로446길 28 1층,대구 중구 달구벌대로446길 28,35.8617093,128.6058585
머꼬삼겹살,4.78,대구 중구 동성로3길 32-43 1층,대구 중구 동성로3길 32-43,35.8664398,128.5983398
마르텐사이트,4.54,대구 달성군 하빈면 하빈로 363 마르텐사이트,대구 달성군 하빈면 하빈로,35.9017644,128.4425416
하빈식당밥집,4.47,대구 달성군 하빈면 하빈로87길 2,대구 달성군 하빈면 하빈로87길,35.9036377,128.4426198
마천산도경미나리,,대구 달성군 하빈면 감문리 143,대구 달성군 하빈면 감문리,35.8907484,128.4240208
진땡이국밥,,대구 달성군 하빈면 하빈로84길 9,대구 달성군 하빈면 하빈로84길,35.8998769,128.4456965
대영한우가마솥국밥,,대구 달성군 하빈면 하빈로84길 6 1층,대구 달성군 하빈면 하빈로84길,35.8998769,128.4456965
마당집가든,,대구 달성군 하빈면 하빈로 368,대구 달성군 하빈면 하빈로,35.9017644,128.4425416
강원도집 다사점,,대구 달성군 다사로 363,대구 달성군 다사로 363,35.8887397,128.471878
청해루,4.32,대구 달성군 하빈면 하빈로 367,대구 달성군 하빈면 하빈로,35.9017644,128.4425416
좋은뷔페,4.41,대구 달성군 하빈면 하빈로 432,대구 달성군 하빈면 하빈로,35.9017644,128.4425416
풍산반점,4.3,대구 달성군 하빈면 하빈로 407,대구 달성군 하빈면 하빈로,35.9017644,128.4425416
정기철명품한우식육식당 들안길본점,,대구 수성구 들안로 207 1층,대구 수성구 들안로 207,35.8639697,128.6180897
순수하고진한콩물,,대구 수성구 청수로24길 59 1층 108호,대구 수성구 청수로24길 59,35.8377551,128.6211773
류센소 범어점,,대구 수성구 달구벌대로496길 5 1층 류센소 범어점,대구 수성구 달구벌대로496길 5,35.8566047,128.63287057333307
리안,4.48,대구 수성구 교학로4길 48,대구 수성구 교학로4길 48,35.8552695,128.6503641
후꾸스시,4.55,대구 수성구 동대구로20길 66 후꾸,대구 수성구 동대구로20길 66,35.8382449,128.6271424
에폰베이크샵,,대구 수성구 범어로24길 14 1층,대구 수성구 범어로24길 14,35.8602161,128.6365226
공주얼큰이칼국수,,대구 수성구 범어천로 49 공주얼큰이칼국수,대구 수성구 범어천로 49,35.8639354,128.6187968
황금돗소리,,대구 수성구 범어천로 22 . 1층(황금동) 황금돗소리,대구 수성구 범어천로 22,35.8639354,128.6187968
오스테리아밀즈,4.55,대구 수성구 동원로1길 26 1층,대구 수성구 동원로1길 26,35.8597497,128.6391095
고미텐,4.63,대구 수성구 동원로 6 1층,대구 수성구 동원로 6,35.862711,128.6396811
카페댐댐,,대구 군위군 삼국유사면 삼국유사로 438-16,대구 군위군 삼국유사면 삼국유사로,36.1730081,128.8618713
호반,4.41,대구 군위군 삼국유사면 삼국유사로 438-32,대구 군위군 삼국유사면 삼국유사로,36.1730081,128.8618713
중앙식당,4.49,경북 군위군 삼국유사면 삼국유사로 438-24,경북 군위군 삼국유사면 삼국유사로,36.1602306,128.8938074
물방아집,,대구 군위군 삼국유사면 화북3길 3-6,대구 군위군 삼국유사면,36.15227,128.82066
사석,,대구 중구 중앙대로 375 YMCA 건물 1층 사석,대구 중구 중앙대로 375,35.8579739,128.5922977
유창반점,,대구 중구 명륜로 20 1층,대구 중구 명륜로 20,35.8616487,128.5915426
수주식당,4.51,대구 중구 중앙대로81길 58 1층 수주식당,대구 중구 중앙대로81길 58,35.869509,128.5894659
경희식당,4.34,대구 중구 큰장로28길 25,대구 중구 큰장로28길 25,35.8698024,128.5811669
롤러커피,4.51,대구 중구 달구벌대로414길 36,대구 중구 달구벌대로414길 36,35.8653076,128.5898053
세연콩국,4.39,대구 중구 명덕로 173,대구 중구 명덕로 173,35.8549152,128.6088133
아리츠,4.6,대구 중구 남성로 47 2층,대구 중구 남성로 47,35.8683,128.58952
미성당납작만두 본점,4.2,대구 중구 명덕로 93,대구 중구 명덕로 93,35.8565759,128.595102
랑만,,대구 중구 국채보상로102길 60 1층 랑만,대구 중구 국채보상로102길 60,35.8691264,128.5859813
걸리버막창 종로점,,대구 중구 종로 45-1 1층,대구 중구 종로 45-1,35.8752728,128.5903318
패대기 들안길점,4.85,대구 수성구 들안로 51-1 1층,대구 수성구 들안로 51-1,35.8411811,128.6173904
고담이야기,,대구 중구 대봉동 667,대구 중구 대봉동 667,35.8586783,128.603013
기프트버거,4.51,"대구 수성구 수성로 192 2,3층",대구 수성구 수성로 192,35.8302786,128.6109145
송원식당,4.4,대구 수성구 청수로9길 34 송원식당,대구 수성구 청수로9길 34,35.8412295,128.6141782
야타이치카,,대구 수성구 수성로35길 7 B1층,대구 수성구 수성로35길 7,35.8416789,128.6103321
태경청진동해장국,4.45,대구 수성구 수성로 184,대구 수성구 수성로 184,35.8302786,128.6109145
울진왕돌참가자미회,4.49,대구 수성구 청수로3길 5,대구 수성구 청수로3길 5,35.8416789,128.6103321
내수족발보쌈본점,4.83,대구 수성구 수성로 188 1층,대구 수성구 수성로 188,35.8302786,128.6109145
페라리 막창,4.63,대구 수성구 청수로9길 29,대구 수성구 청수로9길 29,35.8412295,128.6141782
다래식당,4.52,대구 수성구 수성로38길 20,대구 수성구 수성로38길 20,35.8449146,128.6147125
현풍닭칼국수 본점,4.49,대구 달성군 현풍읍 현풍중앙로 50,대구 달성군 현풍읍 현풍중앙로,35.6927395,128.4462412
홈파인,,대구 달성군 현풍읍 테크노중앙대로 325-34 1층,대구 달성군 현풍읍 테크노중앙대로,35.697717,128.4577319
원조현풍박소선할매집곰탕,4.28,대구 달성군 현풍읍 현풍중앙로 56-1 원조현풍할매집곰탕,대구 달성군 현풍읍 현풍중앙로,35.6927395,128.4462412
소사베이커리 대구점,,대구 달성군 현풍읍 현풍동로21길 35-1 1층,대구 달성군 현풍읍 현풍동로21길,35.6979377,128.4492496
161커피스튜디오,4.4,대구 달성군 현풍읍 비슬로 581,대구 달성군 현풍읍 비슬로,35.6771333,128.4462937
스몰버드,,대구 달성군 현풍읍 현풍로14길 20 스몰버드,대구 달성군 현풍읍 현풍로14길,35.6956113,128.4469553
육즙창고 현풍테크노폴리스 본점,,대구 달성군 현풍읍 테크노중앙대로5길 20 1층,대구 달성군 현풍읍 테크노중앙대로5길,35.697162250000005,128.45370563129268
쿠우쿠우 현풍테크노점,4.46,대구 달성군 유가읍 테크노중앙대로 254 하이젠스타 10층,대구 달성군 유가읍 테크노중앙대로,35.6707052,128.4600296
대가웍,,대구 달성군 현풍읍 현풍동로29길 5,대구 달성군 현풍읍,35.6974883,128.4475083
카페아만다,4.56,대구 달성군 현풍읍 테크노상업로 30 엠허브메디컬센터 105호(건물 앞쪽 큰대로변 상가),대구 달성군 현풍읍 테크노상업로,35.692082,128.4535078
투다리 대구종로점,,대구 중구 종로 26-1 1호,대구 중구 종로 26-1,35.8752728,128.5903318
오마이크로와상,4.64,대구 중구 약령길 59 1층,대구 중구 약령길 59,35.8692931,128.5894706
머꼬삼겹살,4.78,대구 중구 동성로3길 32-43 1층,대구 중구 동성로3길 32-43,35.8664398,128.5983398
사석,,대구 중구 중앙대로 375 YMCA 건물 1층 사석,대구 중구 중앙대로 375,35.8579739,128.5922977
마코토,4.34,대구 중구 동성로2길 18-6,대구 중구 동성로2길 18-6,35.8667277,128.5963147
슬로우터틀 동성로점,4.61,대구 중구 동성로2길 18-14,대구 중구 동성로2길 18-14,35.8667277,128.5963147
아리츠,4.6,대구 중구 남성로 47 2층,대구 중구 남성로 47,35.8683,128.58952
블랙타코앤그릴,4.53,대구 중구 공평로 31 건물 2층,대구 중구 공평로 31,35.8739593,128.6014294
걸리버막창 동성로점,,대구 중구 동성로3길 32-20 걸리버막창,대구 중구 동성로3길 32-20,35.8678877,128.597894
라이첸 본점,,대구 중구 남성로 27,대구 중구 남성로 27,35.8683,128.58952
